{"v":"5.5.6","fr":25,"ip":0,"op":22,"w":240,"h":240,"nm":"组 1/娱播、商学院页面加载","ddd":0,"assets":[{"id":"image_0","w":240,"h":240,"u":"images/","p":"img_0.png","e":0},{"id":"image_1","w":240,"h":240,"u":"images/","p":"img_1.png","e":0},{"id":"image_2","w":240,"h":240,"u":"images/","p":"img_2.png","e":0}],"layers":[{"ddd":0,"ind":1,"ty":2,"nm":"图层 1/娱播、商学院页面加载.psd","cl":"psd","refId":"image_0","sr":1,"ks":{"o":{"a":0,"k":100,"ix":11},"r":{"a":1,"k":[{"i":{"x":[0.833],"y":[0.833]},"o":{"x":[0.167],"y":[0.167]},"t":0,"s":[0]},{"i":{"x":[0.667],"y":[1]},"o":{"x":[0.167],"y":[0.167]},"t":3,"s":[-5]},{"i":{"x":[0.6],"y":[0.763]},"o":{"x":[0.173],"y":[0.119]},"t":8,"s":[-30]},{"i":{"x":[0.696],"y":[1]},"o":{"x":[0.352],"y":[1.3]},"t":17,"s":[-2]},{"t":21,"s":[0]}],"ix":10},"p":{"a":1,"k":[{"i":{"x":0.833,"y":0.833},"o":{"x":0.167,"y":0.167},"t":0,"s":[120,70,0],"to":[0,3.595,0],"ti":[0,-9.384,0]},{"i":{"x":0.833,"y":0.833},"o":{"x":0.167,"y":0.167},"t":3,"s":[120,80,0],"to":[0,21.072,0],"ti":[0,0,0]},{"i":{"x":0.6,"y":0.762},"o":{"x":0.167,"y":0.167},"t":8,"s":[120,140,0],"to":[0,0,0],"ti":[0,20.5,0]},{"i":{"x":0.696,"y":1},"o":{"x":0.29,"y":1},"t":17,"s":[120,75,0],"to":[0,-4.422,0],"ti":[0,2.07,0]},{"t":21,"s":[120,70,0]}],"ix":2},"a":{"a":0,"k":[120,70,0],"ix":1},"s":{"a":1,"k":[{"i":{"x":[0.833,0.833,0.833],"y":[0.833,0.833,0.833]},"o":{"x":[0.167,0.167,0.167],"y":[0.167,0.167,0.167]},"t":6,"s":[100,100,100]},{"i":{"x":[0.833,0.833,0.833],"y":[0.833,0.833,0.833]},"o":{"x":[0.167,0.167,0.167],"y":[0.167,0.167,0.167]},"t":8,"s":[100,95,100]},{"t":10,"s":[100,100,100]}],"ix":6}},"ao":0,"ip":0,"op":22,"st":0,"bm":0},{"ddd":0,"ind":2,"ty":2,"nm":"组 1/娱播、商学院页面加载.psd","cl":"psd","refId":"image_1","sr":1,"ks":{"o":{"a":1,"k":[{"i":{"x":[0.833],"y":[0.833]},"o":{"x":[0.167],"y":[0.167]},"t":9,"s":[100]},{"t":17,"s":[0]}],"ix":11},"r":{"a":0,"k":0,"ix":10},"p":{"a":0,"k":[120,216.5,0],"ix":2},"a":{"a":0,"k":[120,216.5,0],"ix":1},"s":{"a":1,"k":[{"i":{"x":[0.833,0.833,0.833],"y":[0.833,0.833,0.833]},"o":{"x":[0.167,0.167,0.167],"y":[0.167,0.167,0.167]},"t":4,"s":[0,0,100]},{"t":9,"s":[100,100,100]}],"ix":6}},"ao":0,"ip":4,"op":22,"st":-1,"bm":0},{"ddd":0,"ind":3,"ty":2,"nm":"椭圆 1/娱播、商学院页面加载.psd","cl":"psd","refId":"image_2","sr":1,"ks":{"o":{"a":0,"k":100,"ix":11},"r":{"a":0,"k":0,"ix":10},"p":{"a":0,"k":[120,222,0],"ix":2},"a":{"a":0,"k":[120,222,0],"ix":1},"s":{"a":1,"k":[{"i":{"x":[0.833,0.833,0.833],"y":[0.833,0.833,0.833]},"o":{"x":[0.167,0.167,0.167],"y":[0.167,0.167,0.167]},"t":0,"s":[100,100,100]},{"i":{"x":[0.833,0.833,0.833],"y":[0.833,0.833,0.833]},"o":{"x":[0.167,0.167,0.167],"y":[0.167,0.167,0.167]},"t":3,"s":[124,98,100]},{"i":{"x":[0.833,0.833,0.833],"y":[0.833,0.833,0.833]},"o":{"x":[0.167,0.167,0.167],"y":[0.167,0.167,0.167]},"t":7,"s":[180,80,100]},{"i":{"x":[0.833,0.833,0.833],"y":[0.833,0.833,0.833]},"o":{"x":[0.167,0.167,0.167],"y":[0.167,0.167,0.167]},"t":13,"s":[122.857,98,100]},{"t":17,"s":[100,100,100]}],"ix":6}},"ao":0,"ip":0,"op":22,"st":0,"bm":0}],"markers":[]}